<?xml version="1.0" encoding="utf-8" ?>
<dwsync>
<file name=".gitignore" server="C:/xampp/htdocs/chain/" local="132592418445309166" remote="132592418440000000" Dst="0" />
<file name="chain.js" server="C:/xampp/htdocs/chain/" local="132592341528772162" remote="132592341520000000" Dst="0" />
<file name="chain.php" server="C:/xampp/htdocs/chain/" local="131023085200000000" remote="131023085200000000" Dst="0" />
<file name="data.php" server="C:/xampp/htdocs/chain/" local="131023085200000000" remote="131023085200000000" Dst="0" />
<file name="data.sql" server="C:/xampp/htdocs/chain/" local="131023085200000000" remote="131023085200000000" Dst="0" />
<file name="data_chain.php" server="C:/xampp/htdocs/chain/" local="131023085200000000" remote="131023085200000000" Dst="0" />
<file name="data_kabupaten.php" server="C:/xampp/htdocs/chain/" local="131023085200000000" remote="131023085200000000" Dst="0" />
<file name="data_kecamatan.php" server="C:/xampp/htdocs/chain/" local="131023085200000000" remote="131023085200000000" Dst="0" />
<file name="default_order_by.php" server="C:/xampp/htdocs/chain/" local="131023085200000000" remote="131023085200000000" Dst="0" />
<file name="index.php" server="C:/xampp/htdocs/chain/" local="131023085200000000" remote="131023085200000000" Dst="0" />
<file name="order_by_data_1.php" server="C:/xampp/htdocs/chain/" local="131023085200000000" remote="131023085200000000" Dst="0" />
<file name="order_by_data_2.php" server="C:/xampp/htdocs/chain/" local="131023085200000000" remote="131023085200000000" Dst="0" />
<file name="README.markdown" server="C:/xampp/htdocs/chain/" local="131023085200000000" remote="131023085200000000" Dst="0" />
<file name="tes.php" server="C:/xampp/htdocs/chain/" local="132592414766234509" remote="132592414760000000" Dst="0" />
<file name="url.php" server="C:/xampp/htdocs/chain/" local="132592414215174054" remote="132592414210000000" Dst="0" />
</dwsync>